STT,Mã khách hàng,Tên khách hàng,Địa chỉ,"Nhóm KH, NCC",Mã số thuế,Điện thoại,Ngừng theo dõi,
1,9499,CHI NHÁNH CÔNG TY CỔ PHẦN TẬP ĐOÀN LONG HẢI TẠI THÀNH PHỐ HỒ CHÍ MINH,"Số 5/12 Đường số 9, Khu phố 2, Phường Tân Kiểng, Quận 7, Thành phố Hồ Chí Minh, Việt Nam",,0100229499-003,,FALSE,
2,7545,CÔNG TY CỔ PHẦN ĐẦU TƯ VÀ XÂY DỰNG HUD1,"168 đường Giải Phóng, Phường Phương Liệt, Quận Thanh Xuân, Thành phố Hà Nội, Việt Nam",,0101043264,,FALSE,
3,7502,CHI NHÁNH MIỀN NAM-CÔNG TY CỔ PHẦN PHÁT TRIỂN ĐẦU TƯ XÂY DỰNG VIỆT NAM,"tổ 9, ấp 10, Xã Bình Sơn, Huyện Long Thành, Tỉnh Đồng Nai, Việt Nam",,0101184346-004,,FALSE,
4,9091,CÔNG TY CỔ PHẦN KIỂM ĐỊNH VÀ KỸ THUẬT XÂY DỰNG HÀ NỘI,"Số 36 Nguyên Hồng, Phường Láng Hạ, Quận Đống đa, Thành phố Hà Nội, Việt Nam",,0101539091,,FALSE,
5,7521,CÔNG TY CỔ PHẦN XÂY DỰNG HẠ TẦNG AN PHÚ,"Tầng 7, tòa nhà Zen Tower, số 12 Khuất Duy Tiến, Phường Thanh Xuân Trung, Quận Thanh Xuân, Thành phố Hà Nội, Việt Nam",,0101904509,,FALSE,
6,4623,CÔNG TY TNHH AJ RENTAL,"Lô CN3*, khu công nghiệp Thạch Thất - Quốc Oai, Xã Phùng Xá, Huyện Thạch Thất, Thành phố Hà Nội, Việt Nam",,0102684623,,FALSE,
7,4623-001,CHI NHÁNH CÔNG TY TNHH AJ RENTAL TẠI THÀNH PHỐ HỒ CHÍ MINH,"Phòng C, Tầng 12, Tòa nhà AP Tower, 518B Điện Biên Phủ, Phường 21, Quận Bình Thạnh, Thành phố Hồ Chí Minh, Việt Nam",,0102684623-001,,FALSE,
8,1709,CÔNG TY TNHH KSG VIỆT NAM,"Phòng 1914-7 Tầng 19 Tòa nhà Keangnam Landmark Tower, khu E6, Phường Mễ Trì, Quận Nam Từ Liêm, Thành phố Hà Nội, Việt Nam",,0106211709,,FALSE,
9,4677,CÔNG TY CỔ PHẦN CÔNG NGHIỆP LẠNH THIÊN AN,"Số 53A Trần Quốc Vượng, Phường Dịch Vọng Hậu, Quận Cầu Giấy, Thành phố Hà Nội",,0107594677,,FALSE,
10,KH00016,CÔNG TY TNHH NGUYÊN LIỆU GỐM SỨ HUỆ THÀNH,"Đường số 3, KCN Tam Phước, Phường Tam Phước, Thành phố Biên Hoà, Tỉnh Đồng Nai, Việt Nam",,0108155344,,FALSE,
11,KH00075,CHI NHÁNH CÔNG TY TNHH ICEL LOGISTICS TẠI THÀNH PHỐ HỒ CHÍ MINH,"Phòng 1406, Tầng 14, Saigon Riverside Office Center, 2A - 4A, Phường Bến Nghé, Quận 1, Thành phố Hồ Chí Minh, Việt Nam",,0108307780-002,,FALSE,
12,7522,CÔNG TY CỔ PHẦN ĐẦU TƯ VÀ THƯƠNG MẠI NĂNG LƯỢNG HTB,"CL20-10, khu đất dịch vụ La Dương-La Nội, Phường Dương Nội, Quận Hà Đông, Thành phố Hà Nội, Việt Nam",,0108776542,,FALSE,
13,KH00078,CÔNG TY TNHH KOAS TRADING,"tầng 6 tòa nhà Việt á, số 9 phố Duy Tân, Phường Dịch Vọng, Quận Cầu Giấy, Thành phố Hà Nội, Việt Nam",,0109498915,,FALSE,
14,5172,CÔNG TY TNHH FIXRUT VIỆT NAM,"Số 10, ngách 28, ngõ 65 Nguyễn Đổng Chi, Phường Cầu Diễn, Quận Nam Từ Liêm, Thành phố Hà Nội, Việt Nam",,0110475172,,FALSE,
15,4546,CÔNG TY TNHH QUỐC TẾ B2B,"Số 92 gác 2 Hạ Lý, Phường Hạ Lý, Quận Hồng Bàng, Thành phố Hải Phòng, Việt Nam",,0201154546,,FALSE,
16,KH00069,CÔNG TY CỔ PHẦN LILAMA 18,"9-19 Hồ Tùng Mậu, Phường Nguyễn Thái Bình, Quận 1, Thành phố Hồ Chí Minh, Việt Nam",,0300390921,,FALSE,
17,7566,CÔNG TY CỔ PHẦN MẠC TÍCH,"Đường số 2, KCN Nhơn Trạch III - Giai đoạn 2, Xã Phước An, Tỉnh Đồng Nai, Việt Nam.",,0301096513,,FALSE,
18,7494,CÔNG TY CỔ PHẦN DỆT MAY- ĐẦU TƯ- THƯƠNG MẠI THÀNH CÔNG,"36 Tây Thạnh, Phường Tây Thạnh, Quận Tân phú, Thành phố Hồ Chí Minh, Việt Nam",,0301446221,,FALSE,
19,7506,CÔNG TY TNHH THƯƠNG MẠI VÀ DỊCH VỤ THIÊN LONG,"236 Ung Văn Khiêm, Phường 25, Quận Bình Thạnh, Thành phố Hồ Chí Minh, Việt Nam",,0301873209,,FALSE,
20,KH00062,CÔNG TY CỔ PHẦN CƠ ĐIỆN HOÀNG HƯNG,"Tòa nhà Golden King, Tầng 8, số 15 Đường Nguyễn Lương Bằng, Phường Tân Phú, Quận 7, Thành phố Hồ Chí Minh, Việt Nam",,0301883447,,FALSE,
21,KH00043,CÔNG TY TNHH XÂY DỰNG VÀ THƯƠNG MẠI AN TÂM,"50/6 Nguyễn Đình Chiểu, Phường 03, Quận Phú Nhuận, Thành phố Hồ Chí Minh, Việt Nam",,0301927091,,FALSE,
22,7542,CÔNG TY CỔ PHẦN LIZEN,"24A Phan Đăng Lưu, Phường 7, Quận Bình Thạnh, Thành phố Hồ Chí Minh, Việt Nam",,0302310209,,FALSE,
23,7552,CÔNG TY CỔ PHẦN XÂY LẮP III - PETROLIMEX,"2286, Huỳnh Tấn Phát, ấp 3, Xã Phú Xuân, Huyện Nhà Bè, Thành phố Hồ Chí Minh, Việt Nam",,0302536580,,FALSE,
24,1014,CÔNG TY TNHH CJ KOREA EXPRESS FREIGHT VIỆT NAM,"Tầng 2, tòa nhà S.O.H.O Biz, số 38 Huỳnh Lan Khanh, Phường 2, Quận Tân Bình, Thành phố Hồ Chí Minh, Việt Nam",,0302601014,,FALSE,
25,4001,CÔNG TY CỔ PHẦN CHUÔNG VÀNG,"108 Trần Đình Xu, Phường Nguyễn Cư Trinh, Quận 1, Thành phố Hồ Chí Minh, Việt Nam",,0303584001,,FALSE,
26,7551,CÔNG TY CỔ PHẦN VẬN TẢI LONG LỘC,"69/1 ấp Đông, Xã Thới Tam Thôn, Huyện Hóc Môn, Thành phố Hồ Chí Minh, Việt Nam",,0303847194,,FALSE,
27,7567,CÔNG TY CỔ PHẦN GIAO NHẬN TIẾP VẬN QUỐC TẾ,"Tầng 5, Tòa nhà Cảng Sài Gòn, Số 3 Nguyễn Tất Thành, Phường Xóm Chiếu, Thành phố Hồ Chí Minh, Việt Nam.",,0303957341,,FALSE,
28,2961,CÔNG TY TNHH DSV SOLUTIONS,"Tầng 3 Tòa nhà Republic Plaza, số 18E đường Cộng Hòa, Phường 4, Quận Tân Bình, Thành phố Hồ Chí Minh, Việt Nam",,0304182961,,FALSE,
29,0326,CÔNG TY CỔ PHẦN QH PLUS,"129 Điện Biên Phủ, Phường 15, Quận Bình Thạnh, Thành phố Hồ Chí Minh, Việt Nam",,0304300326,,FALSE,
30,1885,CÔNG TY TNHH 86 DH VINA,"Số N7, Đường Cư xá Tân Cảng, Phường 25, Quận Bình Thạnh, Thành phố Hồ Chí Minh, Việt Nam",,0304401885,,FALSE,
31,KH00026,CÔNG TY CHO THUÊ TÀI CHÍNH TRÁCH NHIỆM HỮU HẠN MỘT THÀNH VIÊN QUỐC TẾ CHAILEASE,"Tầng 28, cao ốc Saigon Trade Centre, số 37 Tôn Đức Thắng, Phường Bến Nghé, Quận 1, Thành phố Hồ Chí Minh, Việt Nam",,0304738328,,FALSE,
32,KH00072,CÔNG TY TNHH THƯƠNG MẠI DỊCH VỤ XUẤT NHẬP KHẨU ĐOÀN GIA,"N7 Cư xá Tân Cảng, Đường Điện Biên Phủ, Phường 25, Quận Bình Thạnh, Thành phố Hồ Chí Minh, Việt Nam",,0304835346,,FALSE,
33,KH00037,CÔNG TY CỔ PHẦN LOGISTICS HÓA CHẤT XANH,"13 Đường DC3, Phường Sơn Kỳ, Quận Tân phú, Thành phố Hồ Chí Minh, Việt Nam",,0305220017,,FALSE,
34,7554,CÔNG TY TNHH CƠ ĐIỆN HỮU PHÁT,"63 Nguyễn Hữu Tiến, Phường Tây Thạnh, Thành phố Hồ Chí Minh, Việt Nam.",,0305799330,,FALSE,
35,KH00009,CÔNG TY TRÁCH NHIỆM HỮU HẠN CON CÒ VÀNG,"23 Lô B Đường Số 1, Phường Phú Thuận, Quận 7, Thành phố Hồ Chí Minh, Việt Nam",,0305995751,,FALSE,
36,5194,CÔNG TY TNHH MỘT THÀNH VIÊN CƠ KHÍ SẢN XUẤT THƯƠNG MẠI NGHĨA THÀNH,"A3/1A  Lê Văn Việt, Tổ 3, Khu phố 2, Phường Tăng Nhơn Phú A, Thành phố Thủ Đức, Thành phố Hồ Chí Minh, Việt Nam",,0308295194,,FALSE,
37,7558,CÔNG TY TNHH THƯƠNG MẠI DỊCH VỤ KIM LỢI,"36 Đường Tam Bình, Phường Hiệp Bình, Thành phố Hồ Chí Minh, Việt Nam.",,0309129986,,FALSE,
38,0708,CÔNG TY TNHH GIẢI PHÁP VẬT LIỆU XÂY DỰNG,"129 Điện Biên Phủ, Phường 15, Quận Bình Thạnh, Thành phố Hồ Chí Minh, Việt Nam",,0309810708,,FALSE,
39,4828,CÔNG TY CỔ PHẦN MENTO,"162/64 Nguyễn Văn Lượng, Phường 17, Quận Gò Vấp, Thành phố Hồ Chí Minh, Việt Nam",,0310084828,,FALSE,
40,7523,CÔNG TY CỔ PHẦN NĂNG LƯỢNG XANH TOÀN CẦU,"162/64 Nguyễn Văn Lượng, Phường 17, Quận Gò Vấp, Thành phố Hồ Chí Minh, Việt Nam",,0310091462,,FALSE,
41,KH00023,CÔNG TY TNHH KUMKANG KIND VIỆT NAM,"Tòa nhà Beautiful Sài Gòn (lô Cr3-3), số 2 Nguyễn Khắc Viện, Phường Tân Phú, Quận 7, Thành phố Hồ Chí Minh, Việt Nam",,0310177335,,FALSE,
42,KH00020,CHI NHÁNH NHÀ MÁY NHƠN TRẠCH - CÔNG TY TNHH KUMKANG KIND VIỆT NAM,"Đường Tôn Đức Thắng, Khu công nghiệp Nhơn Trạch I, Xã Phước Thiền, Huyện Nhơn Trạch, Tỉnh Đồng Nai, Việt Nam",,0310177335002,,FALSE,
43,1328,CÔNG TY TNHH PHÁT TRIỂN XÂY DỰNG I-TECH,"Lầu 2, Tòa nhà Green Country, số 1 đường 81, Phường Tân Quy, Quận 7, Thành phố Hồ Chí Minh, Việt Nam",,0310481328,,FALSE,
44,7550,CÔNG TY CỔ PHẦN THÉP NHÂN LUẬT MIỀN NAM,"100/3 Tô Ngọc Vân, phường Thạnh Xuân, Quận 12, Thành phố Hồ Chí Minh, Việt Nam",,0310940356,,FALSE,
45,KH00015,CÔNG TY TNHH MỘT THÀNH VIÊN CỬA VÀ CỬA SỔ MORE THAN GOLD,"647 Quốc lộ 13, Phường Hiệp Bình Phước, Thành phố Thủ Đức, Thành phố Hồ Chí Minh, Việt Nam",,0311020513,,FALSE,
46,4956,CÔNG TY TNHH KỸ THUẬT NEW SUN VIỆT NAM,"Số 28 Đường 15B, Khu phố 6, Phường Phước Long B, Thành phố Thủ Đức, Thành phố Hồ Chí Minh, Việt Nam",,0311624956,,FALSE,
47,7557,CÔNG TY TNHH SUNSTARTECH,"Tầng 2, Tòa nhà H&N, Số 151 Trần Trọng Cung, Phường Tân Thuận, Thành phố Hồ Chí Minh, Việt Nam.",,0311933922,,FALSE,
48,7574,CÔNG TY CỔ PHẦN GIAO NHẬN VẬN TẢI THUẬN PHONG,"P.4.27,Tầng 4, C/c cao tầng kết hợp TMDV, 290 An Dương Vương, Phường Chợ Quán, Thành phố Hồ Chí Minh, Việt Nam.",,0312038383,,FALSE,
49,5928,CÔNG TY TNHH THÁI THỤC ANH,"23/31 Đường C1, Phường 13, Quận Tân Bình, Thành phố Hồ Chí Minh, Việt Nam",,0312445928,,FALSE,
50,KH00021,CÔNG TY TNHH NT INDEC,"136A đường Tây Hòa, Phường Phước Long A, Thành phố Thủ Đức, Thành phố Hồ Chí Minh, Việt Nam",,0312520999,,FALSE,
51,7787,CÔNG TY CỔ PHẦN SIBARI,"39 đường 17, khu phố 4, Phường Tân Thuận Tây, Quận 7, Thành phố Hồ Chí Minh, Việt Nam",,0312897787,,FALSE,
52,9063,CÔNG TY TNHH E-HO GLOBAL,"85 Nguyễn Sơn, Phường Phú Thạnh, Quận Tân phú, Thành phố Hồ Chí Minh, Việt Nam",,0312959063,,FALSE,
53,2490,CÔNG TY CỔ PHẦN HOMEMAS,"Lầu 3, 129 Điện Biên Phủ, Phường 15, Quận Bình Thạnh, Thành phố Hồ Chí Minh, Việt Nam",,0313192490,,FALSE,
54,6516,CÔNG TY TNHH KINH DOANH THƯƠNG MẠI DỊCH VỤ XUẤT NHẬP KHÂU THIÊN HÀ,"100C Lê Văn Duyệt, Phường 1, Quận Bình Thạnh, Thành phố Hồ Chí Minh, Việt Nam",,0313246516,,FALSE,
55,KH00008,CÔNG TY TNHH THƯƠNG MẠI HUỆ THÀNH,"147-149 Đường số 5, Phường Bình Trị Đông B, Quận Bình Tân, Thành phố Hồ Chí Minh, Việt Nam",,0313363724,,FALSE,
56,KH00018,CÔNG TY TNHH THƯƠNG MẠI VÀ VẬN TẢI AN PHA TRẦN,"5-7 Hoàng Việt, Phường 4, Quận Tân Bình, Thành phố Hồ Chí Minh, Việt Nam",,0313384770,,FALSE,
57,8147,CÔNG TY CỔ PHẦN QUỐC TẾ ANH VĂN HỘI VIỆT MỸ,"189 Nguyễn Thị Minh Khai, Phường Phạm Ngũ Lão, Quận 1, Thành phố Hồ Chí Minh, Việt Nam",,0313548147,,FALSE,
58,KH00030,CÔNG TY TNHH THW.VN,"120-122 Đường Hà Huy Tập, Nam Long 1, KDT Phú Mỹ Hưng, Phường Tân Phong, Quận 7, Thành phố Hồ Chí Minh, Việt Nam",,0313712164,,FALSE,
59,8477,CÔNG TY TNHH RICH FARM VIỆT NAM,"44 Đường số 185, Khu phố 5, Phường Phước Long B, Thành phố Thủ Đức, Thành phố Hồ Chí Minh, Việt Nam",,0313858477,,FALSE,
60,7570,CÔNG TY TNHH TTNT VÀ DV TM XD MINH QUÂN,"Số 35/E9 Đường 11, Khu phố 4, Phường Linh Xuân, Thành phố Hồ Chí Minh, Việt Nam.",,0313904349,,FALSE,
61,KH00036,CÔNG TY TNHH CO&I,"Số 86 Xuân Thủy, Phường Thảo Điền, Thành phố Thủ Đức, Thành phố Hồ Chí Minh, Việt Nam",,0313910582,,FALSE,
62,5622,CÔNG TY CỔ PHẦN ĐẦU TƯ KIM TRƯỜNG PHÁT,"10A, Nguyễn Thị Minh Khai, Phường Đa Kao, Quận 1, Thành phố Hồ Chí Minh, Việt Nam",,0313915622,,FALSE,
63,1173,CÔNG TY TNHH ACE ENG,"331/49/9A Phan Huy ích, Phường 14, Quận Gò Vấp, Thành phố Hồ Chí Minh, Việt Nam",,0314111173,,FALSE,
64,KH00038,CÔNG TY TRÁCH NHIỆM HỮU HẠN GIẢI PHÁP CÔNG NGHỆ LOGISTICS,"13 Đường DC3, Phường Sơn Kỳ, Quận Tân phú, Thành phố Hồ Chí Minh, Việt Nam",,0314172722,,FALSE,
65,7527,CÔNG TY TRÁCH NHIỆM HỮU HẠN PHÚC MINH E&C,"5/4 Đường 42, Khu Phố 5, Phường Bình Trưng Đông, Thành phố Thủ Đức, Thành phố Hồ Chí Minh, Việt Nam",,0314179365,,FALSE,
66,4984,CÔNG TY CỔ PHẦN THƯƠNG MẠI XUẤT NHẬP KHẨU PCM,"SAV5.03.03, tầng 3, tháp 5, Tòa nhà Sun Avenue, số 28 Mai Ch, Phng An Ph, Thành phố Thủ Đức, Thành phố Hồ Chí Minh, Việt Nam",,0314314984,,FALSE,
67,7564,CÔNG TY TNHH CÔNG NGHIỆP NẶNG HIRO,"F44, Khu Nhà C2-C4, Đường Đồng Khởi, Phường Bình Dương, Thành phố Hồ Chí Minh, Việt Nam.",,0314385921,,FALSE,OK SÀI MÃ NÀY CHÍNH
69,7537,CÔNG TY TNHH BIPO SERVICE (VIỆT NAM),"Lầu 2, 63A Nam Kỳ Khởi Nghĩa, Phường Bến Thành, Quận 1, Thành phố Hồ Chí Minh, Việt Nam",,0314504311,,FALSE,
70,KH00034,CÔNG TY TNHH NÔNG NGHIỆP KỸ THUẬT CAO,"23/25B Nơ Trang Long, Phường 7, Quận Bình Thạnh, Thành phố Hồ Chí Minh, Việt Nam",,0314639446,,FALSE,
71,8094,CÔNG TY TNHH BO VIET FORKLIFT,"Tầng 8 Tòa nhà Loyal, 151 Võ Thị Sáu, Phường Võ Thị Sáu, Quận 3, Thành phố Hồ Chí Minh, Việt Nam",,0314778094,,FALSE,
72,2063,CÔNG TY TNHH THƯƠNG MẠI DỊCH VỤ XUẤT NHẬP KHẨU SAKURA,"85 Hoàng Sa, Phường Đa Kao, Quận 1, Thành phố Hồ Chí Minh, Việt Nam",,0314952063,,FALSE,
73,KH00033,CÔNG TY TNHH BS CHEM VIỆT NAM - CHI NHÁNH LONG ĐỨC,"(Trong khuôn viên CT TNHH Phát Triển BĐS Daiwa House), 5-5, Xã Long Đức, Huyện Long Thành, Tỉnh Đồng Nai, Việt Nam",,0315127377001,,FALSE,
74,7514,CÔNG TY TNHH THƯƠNG MẠI DỊCH VỤ XÂY DỰNG LONG HƯNG THỊNH,"118/34/29 Liên Khu 5-6, Phường Bình Hưng Hòa B, Quận Bình Tân, Thành phố Hồ Chí Minh, Việt Nam",,0315180042,,FALSE,
75,KH00080,CÔNG TY TNHH MỘT THÀNH VIÊN THE KITCHENPRO,"B01-35 Khu Dân Cư Phú Long, Đường Nguyễn Hữu Thọ, ấp 4, Xã Phước Kiển, Huyện Nhà Bè, Thành phố Hồ Chí Minh, Việt Nam",,0315259729,,FALSE,
76,7569,CÔNG TY TNHH PHÒNG SẠCH M&E HOÀNG SA,"94 Đường số 20, Phường Bình Hưng Hòa, Thành phố Hồ Chí Minh, Việt Nam.",,0315332344,,FALSE,
77,4476,CÔNG TY TNHH DỊCH VỤ VẬN TẢI PHÁT THÀNH ĐẠT,"284/23 Đường Long Thuận, Khu phố Long Thuận, Phường Long Phước, Thành phố Thủ Đức, Thành phố Hồ Chí Minh, Việt Nam",,0315544476,,FALSE,
78,3270,CÔNG TY TNHH THƯƠNG MẠI DỊCH VỤ UNICON,"Số 94 Đường Xuân Thủy, Phường Thảo Điền, Thành phố Thủ Đức, Thành phố Hồ Chí Minh, Việt Nam",,0315673270,,FALSE,
79,4477,CÔNG TY TNHH THƯƠNG MẠI DỊCH VỤ KỸ THUẬT CÔNG NGHIỆP HOÀNG DŨNG,"Số 2959 Quốc Lộ 1A, phường Tân Thới Nhất, Quận 12, Thành phố Hồ Chí Minh, Việt Nam",,0315730497,,FALSE,
80,7543,CÔNG TY TNHH EMOI TECH,"197B  Bưng ông Thoàn, Phường Phú Hữu, Thành phố Thủ Đức, Thành phố Hồ Chí Minh, Việt Nam",,0315752155,,FALSE,
81,KH00082,CÔNG TY TNHH APYLD,"88 Phạm Văn Bạch, Phường 15, Quận Tân Bình, Thành phố Hồ Chí Minh, Việt Nam",,0316057965,,FALSE,
82,KH00088,CÔNG TY TNHH VẬN TẢI TOÀN CẦU 5 SAO,"5-7 Hoàng Việt, Phường 4, Quận Tân Bình, Thành phố Hồ Chí Minh, Việt Nam",,0316069537,,FALSE,
83,KH00041,CÔNG TY TNHH PARIS LOGISTICS,"Số 60 Nguyễn Văn Thủ, Phường Đa Kao, Quận 1, Thành phố Hồ Chí Minh, Việt Nam",,0316076485,,FALSE,
84,KH00012,CÔNG TY TNHH KPX CHEMICAL VINA,"Tầng 1 Cao ốc Yoco, 41 Nguyễn Thị Minh Khai, Phường Bến Nghé, Quận 1, Thành phố Hồ Chí Minh, Việt Nam",,0316177596,,FALSE,
85,7535,CÔNG TY TNHH SPACECOOLING MIỀN NAM,"59 Đường số 8, Khu phố 5, Phường Hiệp Bình Chánh, Thành phố Thủ Đức, Thành phố Hồ Chí Minh, Việt Nam",,0316215308,,FALSE,
86,7568,CÔNG TY CỔ PHẦN VẬT TƯ CÔNG NGHIỆP TEKCHEM,"43 Đường Số 19, Phường Bình Trưng, Thành phố Hồ Chí Minh, Việt Nam.",,0316253624,,FALSE,
87,7492,CÔNG TY CỔ PHẦN CƠ KHÍ XÂY DỰNG HD STEEL,"Số 107, đường Lê Đức Thọ, Phường 17, Quận Gò Vấp, Thành phố Hồ Chí Minh, Việt Nam",,0316327065,,FALSE,
88,KH00079,CÔNG TY TNHH GIAO NHẬN VÀ VẬN TẢI THUẬN THÀNH,"217/27 Nơ Trang Long, Phường 12, Quận Bình Thạnh, Thành phố Hồ Chí Minh, Việt Nam",,0316431115,,FALSE,
89,KH00083,CÔNG TY CỔ PHẦN THƯƠNG MẠI TMI,"1 Hoàng Hoa Thám, Phường 6, Quận Bình Thạnh, Thành phố Hồ Chí Minh, Việt Nam",,0316689749,,FALSE,
90,2111,CÔNG TY TNHH B&B CHEMICAL,"14 đường số 4 - cư xá Đô Thành, Phường 04, Quận 3, Thành phố Hồ Chí Minh, Việt Nam",,0316792111,,FALSE,
91,7493,CÔNG TY TNHH ĐẦU TƯ QUẢNG CÁO TẦM NHÌN MỚI,"Số 19, Đường số 32, Rio Vista, 72 Dương Đình Hội, Phường Phước Long B, Thành phố Thủ Đức, Thành phố Hồ Chí Minh, Việt Nam",,0316911697,,FALSE,
92,KH00089,CÔNG TY TNHH THƯƠNG MẠI DỊCH VỤ VẬN TẢI NGUYÊN THÔNG,"13C Nguyễn Văn Mai, Phường Võ Thị Sáu, Quận 3, Thành phố Hồ Chí Minh, Việt Nam",,0316972932,,FALSE,
93,8637,CÔNG TY TNHH TM XUẤT NHẬP KHẨU PHÚC AN,"457/1C Nơ Trang Long, Phường 13, Quận Bình Thạnh, Thành phố Hồ Chí Minh, Việt Nam",,0317038637,,FALSE,
94,9683,CÔNG TY TNHH WOOJIN TRADING,"SAV.4-02.27, Tầng 2, Tháp 4, 28 Mai Chí Thọ, Phường An Phú, Thành phố Thủ Đức, Thành phố Hồ Chí Minh, Việt Nam",,0317379683,,FALSE,
95,8244,CÔNG TY TNHH TM DV XD NINH AN,"14H đường Phan Văn Trị, Phường 7, Quận Gò Vấp, Thành phố Hồ Chí Minh, Việt Nam",,0317418244,,FALSE,
96,5187,CÔNG TY TNHH WISE CREATION VN,"Số 24 đường 19, Khu dân cư NineSouth, ấp 4, Xã Phước Kiển, Huyện Nhà Bè, Thành phố Hồ Chí Minh, Việt Nam",,0317595187,,FALSE,
97,7503,CÔNG TY TNHH VẬT LIỆU XÂY DỰNG TÂN THÀNH,"204B/16 Nguyễn Văn Hưởng, Phường Thảo Điền, Thành phố Thủ Đức, Thành phố Hồ Chí Minh, Việt Nam",,0317602684,,FALSE,
98,7505,CÔNG TY TNHH OKASU,"Số 152-154 đường số 9, Phường Tân Phú, Quận 7, Thành phố Hồ Chí Minh, Việt Nam",,0317876371,,FALSE,
99,7510,CÔNG TY TNHH Y.LOS,"41 đường số 2, KĐT Vạn Phúc, Phường Hiệp Bình Phước, Thành phố Thủ Đức, Thành phố Hồ Chí Minh, Việt Nam",,0318082879,,FALSE,
100,7556,CÔNG TY TNHH THƯƠNG MẠI DỊCH VỤ BLUE-O,"Tầng 12B, Tòa nhà Cienco4, 180 Nguyễn Thị Minh Khai, Phường Xuân Hòa, Thành phố Hồ Chí Minh, Việt Nam.",,0318170701,,FALSE,
101,7544,CÔNG TY TNHH THƯƠNG MẠI DỊCH VỤ THIẾT BỊ CÔNG NGHIỆP HTTECH,"9 Đường 1B, Khu phố 6, Phường An Lạc, Quận Bình Tân, Thành phố Hồ Chí Minh, Việt Nam",,0318747851,,FALSE,
102,4488,CÔNG TY CỔ PHẦN KIM KHÍ THÁI BÌNH,"Số nhà 49, đường Nguyễn Thành, tổ 5, Phường Trần Hưng Đạo, Thành phố Thái Bình, Tỉnh Thái Bình, Việt Nam",,1000954488,,FALSE,
103,7553,CÔNG TY TNHH CÔNG NGHỆ DEEPDREAM,"Thôn Tân Lập, Xã Đông Thái Ninh, Tỉnh Hưng Yên, Việt Nam.",,1001211446,,FALSE,
104,1122,CÔNG TY TNHH MTV AJ TOTAL VIỆT NAM,"Lô H.04, Đường số 1, Khu Công Nghiệp Long Hậu, Xã Long Hậu, Huyện Cần Giuộc, Tỉnh Long An, Việt Nam",,1101901122,,FALSE,
105,7517,CÔNG TY TNHH EMIVEST FEEDMILL (TG) VIỆT NAM- CHI NHÁNH XUÂN PHÚ,"Tổ 3, ấp Bình Hòa, Xã Xuân Phú, Huyện Xuân Lộc, Tỉnh Đồng Nai, Việt Nam",,1201418945-005,,FALSE,
106,0440,CÔNG TY TNHH CHÍNH XÁC QUỐC TẾ LÍ HẰNG,"Số 58, đường Ngọc Hân Công Chúa, Phường Ninh Xá, Thành phố Bắc Ninh, Tỉnh Bắc Ninh, Việt Nam",,2301110440,,FALSE,
107,7501,CÔNG TY TNHH CÔNG NGHIỆP HANWEL,"Khu Cầu Ngà, Phường Vân Dương, Thành phố Bắc Ninh, Tỉnh Bắc Ninh, Việt Nam",,2301110680,,FALSE,
108,KH00025,CÔNG TY TRÁCH NHIỆM HỮU HẠN TÂN CHUNG,"Đường số 2A, Khu công nghiệp Mỹ Xuân A, Phường Mỹ Xuân, Thị Xã Phú Mỹ, Tỉnh Bà Rịa - Vũng Tàu, Việt Nam",,3500667936,,FALSE,
109,7541,CÔNG TY TNHH TÚ TÀI,"Số 8/1 ấp Nhân Trí, Xã Xuyên Mộc, Huyện Xuyên Mộc, Tỉnh Bà Rịa - Vũng Tàu, Việt Nam",,3501248790,,FALSE,
110,1654,CÔNG TY TNHH CHANG CHUN VINA,"Đường D1, lô B, Cụm Công nghiệp - tiểu thủ công nghiệp An Ngãi, Xã An Ngãi, Huyện Long Điền, Tỉnh Bà Rịa - Vũng Tàu, Việt Nam",,3502291654,,FALSE,
111,2552,CÔNG TY CỔ PHẦN SƯ TỬ BIỂN PHƯỚC HÒA,"Km 50, Quốc lộ 51, Khu Phố ông Trịnh, Phường Tân Phước, Thị Xã Phú Mỹ, Tỉnh Bà Rịa - Vũng Tàu, Việt Nam",,3502292552,,FALSE,
112,7531,CÔNG TY TRÁCH NHIỆM HỮU HẠN H2O ASIA WATER TECHNOLOGIES,"Tổ 5,ấp Tân Hội, Xã Phước Hội, Huyện Đất đỏ, Tỉnh Bà Rịa - Vũng Tàu, Việt Nam",,3502320961,,FALSE,
113,KH00065,CÔNG TY TNHH SUNG JIN,"Lô 10B, đường Đ.04, Khu công nghiệp Châu Đức, Xã Suối Nghệ, Huyện Châu Đức, Tỉnh Bà Rịa - Vũng Tàu, Việt Nam",,3502351173,,FALSE,
114,4336,CÔNG TY CỔ PHẦN GỐM SỨ GRANITE VTC,"Lô V8, Đường số 8, Khu Công nghiệp Mỹ Xuân B1-Conac, Phường Mỹ Xuân, Thị Xã Phú Mỹ, Tỉnh Bà Rịa - Vũng Tàu, Việt Nam",,3502354336,,FALSE,
115,7490,CÔNG TY TNHH THƯƠNG MẠI DỊCH VỤ XÂY DỰNG ANT,"Số 62 Võ Văn Tần, Phường Thắng Nhất, Thành Phố Vũng Tàu, Tỉnh Bà Rịa - Vũng Tàu, Việt Nam",,3502405069,,FALSE,
116,7534,CÔNG TY TRÁCH NHIỆM HỮU HẠN MỘT THÀNH VIÊN CÔNG NGHIỆP YOODAU VIỆT NAM,"Tổ 8, ấp 3, Xã Phước Bình, Huyện Long Thành, Tỉnh Đồng Nai, Việt Nam",,3502473661,,FALSE,
117,7546,CÔNG TY TNHH HS HYOSUNG VINA CORE MATERIALS,"Lô B7, Đường N2, Khu Công Nghiệp Phú Mỹ II, Phường Tân Phước, Thành phố Phú Mỹ, Tỉnh Bà Rịa - Vũng Tàu, Việt Nam",,3502508554,,FALSE,
118,KH00063,CÔNG TY CỔ PHẦN HỮU HẠN VEDAN VIỆT NAM,"Quốc lộ 51, ấp 1A, Xã Phước Thái, Huyện Long Thành, Tỉnh Đồng Nai, Việt Nam",,3600239719,,FALSE,
119,2843,CÔNG TY TNHH HỒNG HÀ,"Tổ 4, ấp Bưng Cơ, Xã Lộc An, Huyện Long Thành, Tỉnh Đồng Nai, Việt Nam",,3600272843,,FALSE,
120,9477,CÔNG TY DÂY DẪN KIM LOẠI VIỆT NAM,"Tổ 5, ấp Hiền Đức, Xã Phước Thái, Huyện Long Thành, Tỉnh Đồng Nai, Việt Nam",,3600359477,,FALSE,
121,7489,TRƯỜNG CAO ĐẲNG CÔNG NGHỆ CAO ĐỒNG NAI,"Số 47, đường Tôn Đức Thắng, Khu Phước Hải, Thị trấn Long Thành, Huyện Long Thành, Tỉnh Đồng Nai, Việt Nam",,3600417489,,FALSE,
122,7575,CÔNG TY CỔ PHẦN Ô TÔ ĐÔ THÀNH,"Ấp Đất Mới, Quốc lộ 51, Xã Long Phước, Tỉnh Đồng Nai, Việt Nam.",,3600521183,,FALSE,
123,6590,CÔNG TY TNHH HWASEUNG VINA,"KCN Nhơn Trạch 1, Xã Phú Hội, Huyện Nhơn Trạch, Tỉnh Đồng Nai, Việt Nam",,3600526590,,FALSE,
124,7508,CÔNG TY TRÁCH NHIỆM HỮU HẠN KOSTEEL VINA.,"KCN Nhơn Trạch II, Xã Phú Hội, Huyện Nhơn Trạch, Tỉnh Đồng Nai, Việt Nam",,3600591021,,FALSE,
125,6704,CÔNG TY TRÁCH NHIỆM HỮU HẠN CÔNG NGHIỆP SWAN VIỆT NAM,"Đường số 3, KCN Nhơn Trạch I, Xã Phước Thiền, Huyện Nhơn Trạch, Tỉnh Đồng Nai, Việt Nam",,3600606704,,FALSE,
126,KH00060,CÔNG TY TRÁCH NHIỆM HỮU HẠN CHIG FENG,"KCN Nhơn Trạch II, Thị trấn Hiệp Phước, Huyện Nhơn Trạch, Tỉnh Đồng Nai, Việt Nam",,3600617858,,FALSE,
127,1186,CÔNG TY TNHH CÔNG NGHIỆP TBD NHƠN TRẠCH,"Khu công nghiệp Nhơn Trạch 1, Tỉnh lộ 319, Xã Phước Thiền, Huyện Nhơn Trạch, Tỉnh Đồng Nai, Việt Nam",,3600631186,,FALSE,
128,1963,CÔNG TY TNHH TM-DV-SX CƠ KHÍ THANH ÂN,"Số 120, Đinh Bộ Lĩnh, Tổ 1, ấp Hàng Gòn, Xã Lộc An, Huyện Long Thành, Tỉnh Đồng Nai, Việt Nam",,3600641963,,FALSE,
129,KH00042,CÔNG TY CỔ PHẦN XÂY DỰNG SỐ 2 ĐỒNG NAI,"Số 643, Xa Lộ Hà Nội, KP 2, Phường Long Bình, Thành phố Biên Hoà, Tỉnh Đồng Nai, Việt Nam",,3600653422,,FALSE,
130,KH00024,CÔNG TY TRÁCH NHIỆM HỮU HẠN QUỐC TẾ KIM BẢO SƠN (VIỆT NAM),"Đường số 01, KCN Long Thành, Xã Tam An, Huyện Long Thành, Tỉnh Đồng Nai, Việt Nam",,3600672150,,FALSE,
131,KH00061,CÔNG TY TNHH H.A.V.A.S,"Số D390, tổ 3, KP 4, Phường Long Bình, Thành phố Biên Hoà, Tỉnh Đồng Nai, Việt Nam",,3600674849,,FALSE,
132,KH00003,CÔNG TY TRÁCH NHIỆM HỮU HẠN FINE CABLE VINA,"Đường số 2, Khu công nghiệp Nhơn Trạch 1, Xã Phước Thiền, Huyện Nhơn Trạch, Tỉnh Đồng Nai, Việt Nam",,3600685382,,FALSE,
133,2809,CÔNG TY CỔ PHẦN DIC - ĐỒNG TIẾN,"Lô 17, khu công nghiệp Nhơn Trạch 2, Tỉnh lộ 25B, Xã Phú Hội, Huyện Nhơn Trạch, Tỉnh Đồng Nai, Việt Nam",,3600692809,,FALSE,
134,7562,CÔNG TY TRÁCH NHIỆM HỮU HẠN KUM YOUNG VINA,"Đường số 8, KCN Long Thành, Xã An Phước, Tỉnh Đồng Nai, Việt Nam.",,3600724458,,FALSE,
135,6575,CÔNG TY TNHH WHITE GLOVE,"Đường số 2, KCN Nhơn Trạch I, Thị trấn Hiệp Phước, Huyện Nhơn Trạch, Tỉnh Đồng Nai, Việt Nam",,3600726575,,FALSE,
136,KH00006,CHI NHÁNH CÔNG TY TNHH ĐIỆN CƠ TECO (VIỆT NAM) TẠI BÌNH DƯƠNG,"Lô A_7B, Khu công nghiệp Mỹ Phước 3, Phường Thới Hòa, Thị Xã Bến Cát, Tỉnh Bình Dương, Việt Nam",,3600729671-003,,FALSE,
137,KH00005,CÔNG TY CỔ PHẦN CẤU KIỆN BÊ TÔNG NHƠN TRẠCH 2,"Số 1, Khu công nghiệp Nhơn Trạch 2, đường 25B, Thị trấn Hiệp Phước, Huyện Nhơn Trạch, Tỉnh Đồng Nai, Việt Nam",,3600810322,,FALSE,
138,KH00081,CÔNG TY TNHH KIM HỒNG LONG,"ấp Đất Mới, Xã Long Phước, Huyện Long Thành, Tỉnh Đồng Nai, Việt Nam",,3600954469,,FALSE,
139,KH00040,CÔNG TY TNHH QUỐC TẾ XIN GUAN XING VIỆT NAM,"ấp 8, Đường 769, Cụm Công nghiệp Bình Sơn, Xã Bình Sơn, Huyện Long Thành, Tỉnh Đồng Nai, Việt Nam",,3600958953,,FALSE,
140,KH00004,CÔNG TY TNHH PONAFLEX VIỆT NAM,"Đường số 5, Khu Công nghiệp Long Thành, Xã Tam An, Huyện Long Thành, Tỉnh Đồng Nai, Việt Nam",,3601065938,,FALSE,
141,KH00007,CÔNG TY CỔ PHẦN VẬT LIỆU XÂY DỰNG THẾ GIỚI NHÀ,"Số 1, KCN Nhơn Trạch 2, Đường 25B, Thị trấn Hiệp Phước, Huyện Nhơn Trạch, Tỉnh Đồng Nai, Việt Nam",,3601164495,,FALSE,
142,7538,HỢP TÁC XÃ RAU HẢI SƠN,"Tổ 21, Khu Kim Sơn, Thị trấn Long Thành, Huyện Long Thành, Tỉnh Đồng Nai, Việt Nam",,3601165386,,FALSE,
143,KH00053,CÔNG TY CỔ PHẦN  ĐẦU TƯ VÀ XÂY DỰNG VIỆT KIẾN MINH,"Số 19, Đường D1, KP 7, Phường Thống Nhất, Thành phố Biên Hoà, Tỉnh Đồng Nai, Việt Nam",,3601808559,,FALSE,
144,6984,CÔNG TY TRÁCH NHIỆM HỮU HẠN WISE CREATION,"Cụm Công Nghiệp Bình Sơn, Xã Bình Sơn, Huyện Long Thành, Tỉnh Đồng Nai, Việt Nam",,3602046984,,FALSE,
145,KH00071,CÔNG TY TNHH MỘT THÀNH VIÊN KHÁNH VY TRẦN,"Tổ 17, Khu Phước Hải, Thị trấn Long Thành, Huyện Long Thành, Tỉnh Đồng Nai, Việt Nam",,3602168559,,FALSE,
146,7561,CHI NHÁNH NHÀ MÁY XỬ LÝ CHẤT THẢI NGUY HẠI VÀ CHẤT THẢI RẮN SINH HOẠT- CÔNG TY CỔ PHẦN TM TÀI TIẾN,"Ấp Nhân Hòa, Xã Hưng Thịnh, Tỉnh Đồng Nai, Việt Nam.",,3602168686-001,,FALSE,
147,8296,CÔNG TY TNHH THƯƠNG MẠI - DỊCH VỤ KHẢ LỢI,"Số 66, tổ 3, ấp Sa Cá, Xã Bình An, Huyện Long Thành, Tỉnh Đồng Nai, Việt Nam",,3602268296,,FALSE,
148,7529,TRƯỜNG TIỂU HỌC LỘC AN,"ấp Bình Lâm, Xã Lộc An, Huyện Long Thành, Tỉnh Đồng Nai, Việt Nam",,3602361337,,FALSE,OK SÀI MÃ NÀY CHÍNH
150,9888,CÔNG TY TNHH SOLTEC VIỆT NAM,"Đường số 2, Khu Công nghiệp Nhơn Trạch 3 - Giai đoạn 2, Xã Long Thọ, Huyện Nhơn Trạch, Tỉnh Đồng Nai, Việt Nam",,3602379888,,FALSE,
151,1204,CÔNG TY TNHH  ĐÔNG HẠ,"Tổ 14, khu Phước Hải, Thị trấn Long Thành, Huyện Long Thành, Tỉnh Đồng Nai, Việt Nam",,3602391204,,FALSE,
152,KH00067,CÔNG TY CỔ PHẦN HÓA PHẨM TÙNG VIỆT,"Đường số 7, khu công nghiệp Nhơn Trạch II, Nhơn Phú, Thị trấn Hiệp Phước, Huyện Nhơn Trạch, Tỉnh Đồng Nai, Việt Nam",,3602483670,,FALSE,
153,7498,CÔNG TY CỔ PHẦN DÂY VÀ CÁP SACOM,"Đường số 4, khu công nghiệp Long Thành, Xã Tam An, Huyện Long Thành, Tỉnh Đồng Nai, Việt Nam",,3602502436,,FALSE,
154,KH00073,CÔNG TY TNHH XUẤT NHẬP KHẨU VI NA ĐẠI VIỆT,"Số 292, Đường Võ Thị Sáu, KP 7, Phường Thống Nhất, Thành phố Biên Hoà, Tỉnh Đồng Nai, Việt Nam",,3602576702,,FALSE,
155,KH00019,CÔNG TY TNHH JFE MECHANICAL VIÊÊT NAM,"Đường số 02, KCN Nhơn Trạch 3 - giai đoạn 2, Xã Long Thọ, Huyện Nhơn Trạch, Tỉnh Đồng Nai, Việt Nam",,3602590993,,FALSE,
156,3358,CÔNG TY TRÁCH NHIỆM HỮU HẠN VINA TAK,"Đường 4B, KCN Nhơn Trạch 1, Xã Phú Hội, Huyện Nhơn Trạch, Tỉnh Đồng Nai, Việt Nam",,3602703358,,FALSE,
157,3839,CÔNG TY CỔ PHẦN CÔNG NGHIỆP QH PLUS,"KCN Dệt May Nhơn Trạch, Thị trấn Hiệp Phước, Huyện Nhơn Trạch, Tỉnh Đồng Nai, Việt Nam",,3602713839,,FALSE,CÓ CN KO XÓA ĐƯỢC
158,KH00068,CÔNG TY CỔ PHẦN CÔNG NGHIỆP QH PLUS,"KCN Dệt May Nhơn Trạch, Thị trấn Hiệp Phước, Huyện Nhơn Trạch, Tỉnh Đồng Nai, Việt Nam",,3602713839,,FALSE,OK SÀI MÃ NÀY CHÍNH
159,KH00050,CÔNG TY TNHH IMPACK VIỆT NAM,"Đường số 6, Khu Công nghiệp Long Thành, Xã Tam An, Huyện Long Thành, Tỉnh Đồng Nai, Việt Nam",,3602987766,,FALSE,
160,8941,CÔNG TY TNHH KATOEN NATIE VIỆT NAM,"KCN An Phước, Xã An Phước, Huyện Long Thành, Tỉnh Đồng Nai, Việt Nam",,3603068941,,FALSE,
161,8282,CÔNG TY TNHH ĐẦU TƯ THƯƠNG MẠI DỊCH VỤ VẬN TẢI ĐỨC TÀI,"Tổ 4, ấp Xóm Gốc, Xã Long An, Huyện Long Thành, Tỉnh Đồng Nai, Việt Nam",,3603138282,,FALSE,
162,KH00085,CÔNG TY TNHH TORRECID VIỆT NAM,"Khu Công nghiệp Long Thành, Xã Tam An, Huyện Long Thành, Tỉnh Đồng Nai, Việt Nam",,3603153435,,FALSE,
163,KH00002,CÔNG TY TNHH FOUR NINE,"KCN An Phước, Xã An Phước, Huyện Long Thành, Tỉnh Đồng Nai, Việt Nam",,3603154076,,FALSE,
164,KH00028,CÔNG TY TNHH SURMAN VIỆT NAM,"Lô L, KCN Lộc An, Bình Sơn, Xã Long An, Huyện Long Thành, Tỉnh Đồng Nai, Việt Nam",,3603186688,,FALSE,
165,7511,CÔNG TY TNHH XÂY DỰNG THƯƠNG MẠI BẢO BÌNH PHÁT,"Số 6/14, ấp 2, Xã Long An, Huyện Long Thành, Tỉnh Đồng Nai, Việt Nam",,3603207962,,FALSE,
166,KH00059,CÔNG TY TNHH MỘT THÀNH VIÊN VẬN TẢI HOÀNG PHÚ LONG,"Số 216, Tổ 4, ấp 7, Xã Bình Sơn, Huyện Long Thành, Tỉnh Đồng Nai, Việt Nam",,3603231556,,FALSE,
167,KH00048,CÔNG TY TNHH DAE JAE VIỆT NAM,"Đường N2, KCN Nhơn Trạch V, Thị trấn Hiệp Phước, Huyện Nhơn Trạch, Tỉnh Đồng Nai, Việt Nam",,3603271478,,FALSE,
168,5255,CÔNG TY CỔ PHẦN TẬP ĐOÀN KKS,"(Nằm trong CTCP Khải Toàn), Lô 33, Đường số 7, KCN Tam Phước, Phường Tam Phước, Thành phố Biên Hoà, Tỉnh Đồng Nai, Việt Nam",,3603355255,,FALSE,
169,7525,CÔNG TY TNHH WEB-PRO (VIETNAM),"Đường số 8, KCN Nhơn Trạch III - Giai đoạn 2, Thị trấn Hiệp Phước, Huyện Nhơn Trạch, Tỉnh Đồng Nai, Việt Nam",,3603357213,,FALSE,
170,7513,CÔNG TY TNHH MỘT THÀNH VIÊN THIẾT KẾ XÂY DỰNG ĐÌNH BÁCH,"G7, KP 7, Phường Tân Phong, Thành phố Biên Hoà, Tỉnh Đồng Nai, Việt Nam",,3603360431,,FALSE,
171,KH00087,CÔNG TY TNHH ASSEMS VN,"Đường số 1, KCN Long Thành, Xã Tam An, Huyện Long Thành, Tỉnh Đồng Nai, Việt Nam",,3603384584,,FALSE,
172,KH00077,CÔNG TY TNHH MỘT THÀNH VIÊN VẬN TẢI LÊ HƯNG,"Tổ 2, ấp 3, Xã Long An, Huyện Long Thành, Tỉnh Đồng Nai, Việt Nam",,3603387271,,FALSE,
173,6437,CÔNG TY TNHH HS POLYTECH,"Đường số 2, KCN Nhơn Trạch 1, Xã Phước Thiền, Huyện Nhơn Trạch, Tỉnh Đồng Nai, Việt Nam",,3603416437,,FALSE,
174,KH00047,CÔNG TY TNHH QUỐC TẾ EVER GROWTH (VIỆT NAM),"KCN Long Khánh, Xã Bình Lộc, Thành phố Long Khánh, Tỉnh Đồng Nai, Việt Nam",,3603417984,,FALSE,
175,KH00074,CÔNG TY TNHH SẢN XUẤT THƯƠNG MẠI DỊCH VỤ HA MINH,"Tổ 5, ấp 3, Xã Long An, Huyện Long Thành, Tỉnh Đồng Nai, Việt Nam",,3603419237,,FALSE,
176,KH00070,CÔNG TY TNHH GST VIỆT NAM,"Nhà xưởng 27, đường 9-7 (cụm xưởng giai đoạn 3), KCN Long Th, Xã Tam An, Huyện Long Thành, Tỉnh Đồng Nai, Việt Nam",,3603432453,,FALSE,
177,8809,CÔNG TY TNHH TƯ VẤN XÂY DỰNG VÀ THƯƠNG MẠI KIẾN AN,"Tổ 3, ấp 3, Xã Long Thọ, Huyện Nhơn Trạch, Tỉnh Đồng Nai, Việt Nam",,3603448809,,FALSE,
178,7549,CÔNG TY TNHH PHÂN PHỐI TRỌNG PHAN,"Số 21/9, tổ 3, ấp Bến Sắn, Xã Phước Thiền, Huyện Nhơn Trạch, Tỉnh Đồng Nai, Việt Nam",,3603453580,,FALSE,
179,7524,CÔNG TY TNHH THƯƠNG MẠI VÀ DỊCH VỤ KỸ THUẬT CƠ ĐIỆN TÂN THỊNH PHÁT,"306/89/2, khu phố 10, Phường Hố Nai, Thành phố Biên Hoà, Tỉnh Đồng Nai, Việt Nam",,3603465667,,FALSE,
180,KH00076,CÔNG TY TNHH HOÀNG TIẾN LINH,"Số 16A, Phan Đăng Lưu, Kp 7, Phường Long Bình, Thành phố Biên Hoà, Tỉnh Đồng Nai, Việt Nam",,3603473114,,FALSE,
181,KH00011,CÔNG TY TNHH TK P&S VINA,"Lô N1, Khu Công nghiệp Lộc An, Bình Sơn, Xã Long An, Huyện Long Thành, Tỉnh Đồng Nai, Việt Nam",,3603474929,,FALSE,
182,KH00014,CÔNG TY CỔ PHẦN SIÊU THỊ VẬT LIỆU XÂY DỰNG THẾ GIỚI NHÀ,"46-48 Nguyễn Cơ Thạch, Phường An Lợi Đông, Thành phố Thủ Đức, Thành phố Hồ Chí Minh, Việt Nam",,3603497972,,FALSE,
183,KH00017,CÔNG TY TNHH KPX VINA,"Lô 10, đường số 3, KCN Gò Dầu, Xã Phước Thái, Huyện Long Thành, Tỉnh Đồng Nai, Việt Nam",,3603516329,,FALSE,
184,KH00010,CÔNG TY TNHH SUNHILL VIỆT NAM,"Nhà xưởng Vĩnh Cường 3B, đường số 05, KCN An Phước, Xã An Phước, Huyện Long Thành, Tỉnh Đồng Nai, Việt Nam",,3603521449,,FALSE,
185,KH00029,CÔNG TY TNHH PAULIN VINA,"Lô K, KCN Lộc An, Bình Sơn, Xã Long An, Huyện Long Thành, Tỉnh Đồng Nai, Việt Nam",,3603552888,,FALSE,
186,KH00022,CÔNG TY TNHH ILYANG OPO VIỆT NAM,"Lô D, Đường N1, Khu Công Nghiệp Lộc An, Bình Sơn, Xã Bình Sơn, Huyện Long Thành, Tỉnh Đồng Nai, Việt Nam",,3603567203,,FALSE,
187,7528,CÔNG TY TNHH QUANG DŨNG PHÁT,"Số 67, tổ 3, Kp 4, Phường An Hòa, Thành phố Biên Hoà, Tỉnh Đồng Nai, Việt Nam",,3603567556,,FALSE,
188,2764,CÔNG TY TNHH XÂY DỰNG THƯƠNG MẠI DỊCH VỤ AN HÙNG VƯƠNG,"Số B4, Tổ 21, Khu Phố 6, Phường Tân Tiến, Thành phố Biên Hoà, Tỉnh Đồng Nai, Việt Nam",,3603572764,,FALSE,
189,KH00031,CÔNG TY TNHH VIỆT NAM UMANO,"(Trong khuôn viên Công ty TNHH Vĩnh Cường) Đường số 5, KCN A, Xã An Phước, Huyện Long Thành, Tỉnh Đồng Nai, Việt Nam",,3603575042,,FALSE,
190,KH00001,CÔNG TY TNHH GWANGJIN VINA HCM,"Đường số 6, KCN An Phước (Thuê lại nhà xưởng của CôNG TY TNH, Xã An Phước, Huyện Long Thành, Tỉnh Đồng Nai, Việt Nam",,3603578861,,FALSE,
191,KH00056,CÔNG TY TNHH HWASEUNG CHEMICAL VIỆT NAM,"Đường Số 8, KCN Nhơn Trạch 1, Xã Phước Thiền, Huyện Nhơn Trạch, Tỉnh Đồng Nai, Việt Nam",,3603601951,,FALSE,
192,4670,CÔNG TY TNHH CHUNJIN VINA,"Lô M, KCN Lộc An - Bình Sơn, Xã Long An, Huyện Long Thành, Tỉnh Đồng Nai, Việt Nam",,3603604670,,FALSE,
193,KH00035,CÔNG TY TNHH UZIN METAL,"Nhà xưởng số 12, Đường số 3, KCN Nhơn Trạch 2, Nhơn Phú, Xã Phú Hội, Huyện Nhơn Trạch, Tỉnh Đồng Nai, Việt Nam",,3603618391,,FALSE,
194,3271,CÔNG TY TNHH ĐẠT TIẾN HƯNG,"Tổ 03, ấp Suối Quýt, Xã Cẩm Đường, Huyện Long Thành, Tỉnh Đồng Nai, Việt Nam",,3603623271,,FALSE,
195,8417,CÔNG TY TNHH THƯƠNG MẠI XUẤT NHẬP KHẨU AVINA,"Số 92/77, Tổ 13, KP 5, Phường Tân Hiệp, Thành phố Biên Hoà, Tỉnh Đồng Nai, Việt Nam",,3603628417,,FALSE,
196,KH00066,CÔNG TY TNHH CÔNG NGHỆ SẠCH ĐỒNG NAI,"Lô A, KCN Lộc An, Bình Sơn, Xã Lộc An, Huyện Long Thành, Tỉnh Đồng Nai, Việt Nam",,3603639440,,FALSE,
197,KH00027,CÔNG TY TNHH HÀ KHANH NGỌC,"Tổ 3, ấp 1B, Xã Phước Thái, Huyện Long Thành, Tỉnh Đồng Nai, Việt Nam",,3603639641,,FALSE,
198,KH00046,CÔNG TY TNHH THƯƠNG MẠI DỊCH VỤ TỔNG HỢP BREAK INTO,"Tổ 50, ấp 4, Xã Tam An, Huyện Long Thành, Tỉnh Đồng Nai, Việt Nam",,3603655347,,FALSE,
199,KH00084,CÔNG TY TNHH TRAN - Q,"Đường Trần Phú, KCN Nhơn Trạch 3 - giai đoạn 1, Thị trấn Hiệp Phước, Huyện Nhơn Trạch, Tỉnh Đồng Nai, Việt Nam",,3603656189,,FALSE,
200,7526,CÔNG TY CỔ PHẦN CHỐNG ĂN MÒN THIÊN LONG,"Đường kênh Bà Ký, tổ 2, KP Phước Mỹ, Thị trấn Hiệp Phước, Huyện Nhơn Trạch, Tỉnh Đồng Nai, Việt Nam",,3603657136,,FALSE,
201,2765,CÔNG TY TNHH UNIWIN VIỆT NAM,"Đường số 1, KCN Nhơn Trạch 6, Xã Long Thọ, Huyện Nhơn Trạch, Tỉnh Đồng Nai, Việt Nam",,3603661541,,FALSE,
202,KH00057,CÔNG TY TNHH KIM LOẠI SS VIỆT NAM,"Số nhà 300 tổ 10, đường Lý Thái Tổ, ấp Phú Mỹ 1, Xã Phú Hội, Huyện Nhơn Trạch, Tỉnh Đồng Nai, Việt Nam",,3603676428,,FALSE,
203,KH00055,CÔNG TY TNHH TEK WOOD,"Tổ 3, ấp Thanh Bình, Xã Lộc An, Huyện Long Thành, Tỉnh Đồng Nai, Việt Nam",,3603677679,,FALSE,
204,KH00054,CÔNG TY TNHH  HK LASER VINA,"Đường Trần Phú, Khu Công Nghiệp Nhơn Trạch II, Thị trấn Hiệp Phước, Huyện Nhơn Trạch, Tỉnh Đồng Nai, Việt Nam",,3603682848,,FALSE,
205,5239,CÔNG TY TNHH YIN HWA SHOES LASTS VIỆT NAM,"Lô M, KCN Lộc An - Bình Sơn., Xã Long An, Huyện Long Thành, Tỉnh Đồng Nai, Việt Nam",,3603685239,,FALSE,
206,KH00049,CÔNG TY TNHH NADFINLO VIỆT NAM,"Đường số 6, Khu Công nghiệp Nhơn Trạch III, Giai đoạn 2, Thị trấn Hiệp Phước, Huyện Nhơn Trạch, Tỉnh Đồng Nai, Việt Nam",,3603687772,,FALSE,
207,6939,CÔNG TY TNHH VIỆT NAM PROGRESS INDUSTRY,"Đường số 05, KCN An Phước, Xã An Phước, Huyện Long Thành, Tỉnh Đồng Nai, Việt Nam",,3603696939,,FALSE,
208,KH00064,CÔNG TY TNHH CÔNG NGHỆ QUANG ĐIỆN WANDA VIỆT NAM,"Lô K, KCN Lộc An, Bình Sơn, Xã Long An, Huyện Long Thành, Tỉnh Đồng Nai, Việt Nam",,3603698044,,FALSE,
209,9009,CÔNG TY TNHH TOPBAND SMART ĐỒNG NAI (VIỆT NAM),"Lô D, KCN Lộc An - Bình Sơn, Xã Long An, Huyện Long Thành, Tỉnh Đồng Nai, Việt Nam",,3603699009,,FALSE,
210,7509,CÔNG TY TNHH CHUNG PHÁT ĐẠT,"Tổ 29, ấp Trầu, Xã Phước Thiền, Huyện Nhơn Trạch, Tỉnh Đồng Nai, Việt Nam",,3603699312,,FALSE,
211,7518,CÔNG TY TNHH NHỰA GOOD VIEW (VIỆT NAM),"Nhà xưởng 05, đường số 01, KCN Giang Điền, Xã Giang Điền, Huyện Trảng Bom, Tỉnh Đồng Nai, Việt Nam",,3603707355,,FALSE,
212,KH00051,CÔNG TY TNHH CÔNG NGHIỆP AEREM,"Nhà xưởng số 54, đường 1-7 (cụm xưởng cho thuê giai đoạn 4), Xã Tam An, Huyện Long Thành, Tỉnh Đồng Nai, Việt Nam",,3603708849,,FALSE,
213,6171,CÔNG TY TNHH THƯƠNG MẠI DỊCH VỤ VẬN TẢI MINH QUANG PHÁT,"Số 626 tổ 9, KP An Hòa., Phường An Hòa, Thành phố Biên Hoà, Tỉnh Đồng Nai, Việt Nam",,3603726171,,FALSE,
214,7512,CÔNG TY TNHH MEISEI ENG VIỆT NAM,"Đường N1-2, nhà xưởng cho thuê B-4, KCN Long Đức, Xã An Phước, Huyện Long Thành, Tỉnh Đồng Nai, Việt Nam",,3603726647,,FALSE,OK SÀI MÃ NÀY CHÍNH
215,7520,CÔNG TY TNHH MEISEI ENG VIỆT NAM,"Đường N1-2, nhà xưởng cho thuê B-4, KCN Long Đức, Xã An Phước, Huyện Long Thành, Tỉnh Đồng Nai, Việt Nam",,3603726647,,FALSE,CÓ CN KO XÓA ĐƯỢC
216,1118,CÔNG TY TNHH BAO BÌ THIÊN HẢI,"13A/4, ấp 1, Xã Long An, Huyện Long Thành, Tỉnh Đồng Nai, Việt Nam",,3603731118,,FALSE,
217,KH00058,CÔNG TY TNHH WONIL STEEL VINA,"Đường số 3, Khu công nghiệp Long Thành, Xã Tam An, Huyện Long Thành, Tỉnh Đồng Nai, Việt Nam",,3603742092,,FALSE,
218,7533,CÔNG TY TNHH MES JAPAN SÀI GÒN,"Đường số 6, Khu công nghiệp Nhơn Trạch III- giai đoạn 2, Thị trấn Hiệp Phước, Huyện Nhơn Trạch, Tỉnh Đồng Nai, Việt Nam",,3603751509,,FALSE,
219,7536,CÔNG TY TNHH CÔNG NGHỆ THƯƠNG MẠI DỊCH VỤ LONG THỌ,"Tổ 1, ấp 4, Xã Long Thọ, Huyện Nhơn Trạch, Tỉnh Đồng Nai, Việt Nam",,3603755221,,FALSE,
220,0186,CÔNG TY TNHH TB NGUYỄN,"1013A, KP 1, Phường An Hòa, Thành phố Biên Hoà, Tỉnh Đồng Nai, Việt Nam",,3603780186,,FALSE,
221,9661,CÔNG TY CỔ PHẦN XÂY LẮP HTME,"Số 1 đường D, tổ 33, khu phố Long Đức 1, Phường Tam Phước, Thành phố Biên Hoà, Tỉnh Đồng Nai, Việt Nam",,3603789661,,FALSE,
222,7497,CÔNG TY TNHH BOVIET SERVICE TOTAL,"Số 70A, Quốc lộ 51, ấp 7, Xã An Phước, Huyện Long Thành, Tỉnh Đồng Nai, Việt Nam",,3603791558,,FALSE,
223,KH00086,CÔNG TY TNHH SUPERIEUR HEALTHCARE,"Khu công nghiệp Giang Điền, Xã Giang Điền, Huyện Trảng Bom, Tỉnh Đồng Nai, Việt Nam",,3603823471,,FALSE,
224,7641,CÔNG TY TNHH SẢN XUẤT JU YUAN,"Khu Công nghiệp Nhơn Trạch II, Thị trấn Hiệp Phước, Huyện Nhơn Trạch, Tỉnh Đồng Nai, Việt Nam",,3603847641,,FALSE,
225,7499,CÔNG TY TNHH THƯƠNG MẠI SẢN XUẤT DỊCH VỤ TÂN MINH TRIẾT,"Tổ 28, khu Kim Sơn, Thị trấn Long Thành, Huyện Long Thành, Tỉnh Đồng Nai, Việt Nam",,3603901810,,FALSE,
226,7515,CÔNG TY CỔ PHẦN CÔNG NGHỆ JWS INTERNATIONAL,"Tổ 2, Khu phố Long Đức 2, Phường Tam Phước, Thành phố Biên Hoà, Tỉnh Đồng Nai, Việt Nam",,3603907876,,FALSE,
227,3950,CÔNG TY TNHH POLARC,"Đường số 10, Khu công nghiệp Nhơn Trạch 1, Xã Phước Thiền, Huyện Nhơn Trạch, Tỉnh Đồng Nai, Việt Nam",,3603913950,,FALSE,
228,9173,CÔNG TY TRÁCH NHIỆM HỮU HẠN MỘT THÀNH VIÊN DỊCH VỤ THƯƠNG MẠI ĐOÀN GIA THỊNH,"23B, Tổ 6, Khu phố 1, Phường Tân Hiệp, Thành phố Biên Hoà, Đồng Nai",,3603919173,,FALSE,
229,7519,CÔNG TY TNHH HENGFENG TOP LEISURE (VIETNAM),"Cụm công nghiệp Bình Sơn, Xã Bình Sơn, Huyện Long Thành, Tỉnh Đồng Nai, Việt Nam",,3603928259,,FALSE,
230,7547,CÔNG TY TNHH DNY PLASTIC,"Nhà xưởng cho thuê 1-6, đường N3-2, KCN Long Đức, Xã Long Đức, Huyện Long Thành, Tỉnh Đồng Nai, Việt Nam",,3603938105,,FALSE,
231,2398,CÔNG TY TNHH JHONSIN VIỆT NAM,"Số F5, F6, lô F, đường số 6, KCN AN Phước, Xã An Phước, Huyện Long Thành, Tỉnh Đồng Nai, Việt Nam",,3603942398,,FALSE,
232,7573,CÔNG TY TNHH NEW ALLIANZ ELECTRONIC TECHNOLOGY,"Nhà xưởng số 62, đường số 07, Khu công nghiệp Long Thành, Xã An Phước, Tỉnh Đồng Nai, Việt Nam.",,3603943754,,FALSE,
233,7548,CÔNG TY TNHH KINGCLEAN VIỆT NAM,"Lô 4.2, đường số 6, Khu công nghiệp công nghệ cao Long Thành, Thị trấn Long Thành, Huyện Long Thành, Tỉnh Đồng Nai, Việt Nam",,3603950092,,FALSE,
234,7576,CÔNG TY TNHH DYFLON VINA,"Nhà xưởng E-05, đường số 6, giai đoạn 2, khu công nghiệp Hố Nai, Phường Phước Tân, Tỉnh Đồng Nai, Việt Nam.",,3603964955,,FALSE,
235,7495,CÔNG TY TNHH SẢN XUẤT MÁY MÓC CƠ KHÍ HLP,"Tổ 26, ấp Bến Sắn, Xã Phước Thiền, Huyện Nhơn Trạch, Tỉnh Đồng Nai, Việt Nam",,3603965726,,FALSE,
236,7563,CÔNG TY TNHH GREENOVATION PACKAGING,"Nhà xưởng 68-69, đường số 7, Khu công nghiệp Long Thành, Xã An Phước, Tỉnh Đồng Nai, Việt Nam.",,3603994332,,FALSE,
237,KH00045,CÔNG TY CỔ PHẦN HỮU CƠ DAITO,"Tổ 9, KP Thiên Bình, Phường Tam Phước, Thành phố Biên Hoà, Tỉnh Đồng Nai, Việt Nam",,3700320025,,FALSE,
238,7555,CÔNG TY TNHH NEW WIDE (VIỆT NAM),"Lô K-3A- CN, đường N8, KCN Mỹ Phước, Phường Thới Hòa, Thành phố Hồ Chí Minh, Việt Nam.",,3700593583,,FALSE,
239,7491,CÔNG TY TNHH  VẬT LIỆU XÂY DỰNG ĐỨC HẠNH,"Số 59, Đường Nguyễn Văn Tiết, Khu phố Đông Tư, Phường Lái Thiêu, Thành phố Thuận An, Tỉnh Bình Dương, Việt Nam",,3700873654,,FALSE,
240,7507,CÔNG TY TNHH EMIVEST FEEDMILL VIỆT NAM - CHI NHÁNH CHĂN NUÔI TẠI BÌNH PHƯỚC,"ấp 5, Xã Minh Lập, Thị xã Chơn Thành, Tỉnh Bình Phước, Việt Nam",,3701642642-005,,FALSE,
241,2642,CÔNG TY TNHH EMIVEST FEEDMILL VIỆT NAM - CHI NHÁNH CHĂN NUÔI TẠI BÌNH DƯƠNG,"Thửa đất số 706, Tờ bản đồ số 42, ấp Đồng Tâm, Xã Tam Lập, Huyện Phú Giáo, Tỉnh Bình Dương, Việt Nam",,3701642642-006,,FALSE,
242,7539,CÔNG TY TNHH EMIVEST FEEDMILL VIỆT NAM - CHI NHÁNH CHĂN NUÔI TẠI HÀ NỘI,"Lô CN-02, đường Hạnh Phúc, Khu công nghiệp Phú Nghĩa, Xã Phú Nghĩa, Huyện Chương Mỹ, Thành phố Hà Nội, Việt Nam",,3701642642-007,,FALSE,
243,7559,CÔNG TY TNHH EMIVEST FEEDMILL VIỆT NAM - CHI NHÁNH CHĂN NUÔI TẠI KHÁNH HÒA,"Đường Triệu Quốc Đạt, Lô số 07, Ô số 33 - Khu dân cư Đường Đ, Phường Bắc Nha Trang, Tỉnh Khánh Hòa, Việt Nam.",,3701642642-008,,FALSE,KO SÀI
244,7560,CÔNG TY TNHH EMIVEST FEEDMILL VIỆT NAM - CHI NHÁNH CHĂN NUÔI TẠI KHÁNH HÒA,"Đường Triệu Quốc Đạt, Lô số 07, Ô số 33 - Khu dân cư Đường Đ, Phường Bắc Nha Trang, Tỉnh Khánh Hòa, Việt Nam.",,3701642642-008,,FALSE,OK SÀI MÃ NÀY CHÍNH
245,7504,CÔNG TY TNHH EMIVEST FEEDMILL VIỆT NAM - CHI NHÁNH CHĂN NUÔI TẠI ĐỒNG NAI,"Thửa đất số 343, tờ bản đồ số 25, ấp Thanh Hóa, Xã Hố Nai 3, Huyện Trảng Bom, Tỉnh Đồng Nai, Việt Nam",,3701642642-009,,FALSE,
246,7516,CÔNG TY TNHH EMIVEST FEEDMILL VIỆT NAM - CHI NHÁNH CHĂN NUÔI TẠI NHƠN TRẠCH,"Nhà xưởng C, KCN Nhơn Trạch V, Thị trấn Hiệp Phước, Huyện Nhơn Trạch, Tỉnh Đồng Nai, Việt Nam",,3701642642-016,,FALSE,
247,1271,CÔNG TY TNHH CNTUS VIỆT NAM,"Số 1 VSIP II-A, đường số 28, Khu công nghiệp Việt Nam - Singapore II-A, Phường Vĩnh Tân, Thành phố Tân Uyên, Tỉnh Bình Dương, Việt Nam",,3702181271,,FALSE,
248,7572,CÔNG TY TNHH TƯ VẤN THIẾT KẾ XÂY DỰNG TOÀN THỊNH,"Số 40, Tổ 2, Ấp 1, Phường Bến Cát, Thành phố Hồ Chí Minh, Việt Nam.",,3702564690,,FALSE,
249,KH00044,CÔNG TY TNHH KỸ THUẬT LÊ HUY,"Số 69/19, đường ống Nước Thô D1800, Khu phố Tân Hòa, Phường Đông Hòa, Thành phố Dĩ An, Tỉnh Bình Dương, Việt Nam",,3702640969,,FALSE,
250,7802,CÔNG TY TNHH DIAMOND TIGER,"3H/50, Khu phố Bình Phước B, Phường Bình Chuẩn, Thành phố Thuận An, Tỉnh Bình Dương, Việt Nam",,3702787802,,FALSE,
251,2028,CÔNG TY TNHH GSD PRECISION (VIỆT NAM),"Số 26 VSIP II-A, Đường số 32, KCN Việt Nam  Singapore II-A, Thị trấn Tân Bình, Huyện Bắc Tân Uyên, Tỉnh Bình Dương, Việt Nam",,3702962028,,FALSE,
252,7496,CÔNG TY TNHH CÔNG NGHIỆP QUỐC TẾ HONGTUO (VIỆT NAM),"Số 0208, Đường Bùi Thị Xuân, Khu 2, Phường Hoà Phú, Thành phố Thủ Dầu Một, Tỉnh Bình Dương, Việt Nam",,3703085926,,FALSE,
253,7532,CÔNG TY TNHH ILSHIN VIỆT NAM,"Lô số 30-4, Đường N14, Khu Công nghiệp Phước Đông, Xã Bàu Đồn, Huyện Gò Dầu, Tỉnh Tây Ninh, Việt Nam",,3901180642,,FALSE,
254,KH00052,CÔNG TY TNHH SẢN PHẨM THỂ THAO HUA XING,"Đường số 3, KCN Nhơn Trạch 2, Nhơn Phú, Xã Phú Hội, Huyện Nhơn Trạch, Tỉnh Đồng Nai, Việt Nam",,3901240813,,FALSE,
255,7571,CÔNG TY CỔ PHẦN THỦY ĐIỆN ĐAK MI,"Thôn Lao Mưng, Xã Khâm Đức, Thành phố Đà Nẵng, Việt Nam.",,4000821691,,FALSE,
256,7500,CÔNG TY CP TƯ VẤN XÂY DỰNG HOÀNG LONG,"119 Nguyễn Phi Khanh, Phường Tân Định, Quận 1, Thành phố Hồ Chí Minh, Việt Nam",,4400311423,,FALSE,
257,KH00013,HÀNG HÀNG LẺ ,,,,,FALSE,
258,KL001,Nguyễn Văn Quý,"KP Long Đức 1, Tam Phước, Thành Phố Biên Hòa, Đồng Nai",,,,FALSE,